Title,Company,Link
Senior Backend Software Engineer (Python/Django),Chaturbate,https://stackoverflow.com/jobs/448419/senior-backend-software-engineer-python-django-chaturbate
Senior Python Back End Engineer (Remote),Loadsmart,https://stackoverflow.com/jobs/430974/senior-python-back-end-engineer-remote-loadsmart
Senior Software Engineer - Fullstack Python / React,StyleSeat,https://stackoverflow.com/jobs/451027/senior-software-engineer-fullstack-python-styleseat
Backend Software Engineer (Python),Finsera,https://stackoverflow.com/jobs/359294/backend-software-engineer-python-finsera
Senior Backend Software Engineer (Python),"Curative, Inc",https://stackoverflow.com/jobs/408170/senior-backend-software-engineer-python-curative-inc
Senior Backend Engineer - Python,APNATIME TECH PRIVATE LIMITED,https://stackoverflow.com/jobs/411044/senior-backend-engineer-python-apnatime-tech-private-limited
Python/AWS (Remote),X-Team,https://stackoverflow.com/jobs/445852/python-aws-remote-x-team
Python/ElasticSearch Developer (Remote),X-Team,https://stackoverflow.com/jobs/439738/python-elasticsearch-developer-remote-x-team
Senior Python Developer,"Findaway World, LLC",https://stackoverflow.com/jobs/433593/senior-python-developer-findaway-world-llc
Full Stack Python Developer,GitStart,https://stackoverflow.com/jobs/441051/full-stack-python-developer-gitstart
"Python Developer (Onsite in Paris, or Remote in France, UK, Germany)",PeopleDoc,https://stackoverflow.com/jobs/450845/python-developer-onsite-in-paris-or-remote-in-peopledoc
Python Developer,YouGov,https://stackoverflow.com/jobs/407736/python-developer-yougov
Python Data Engineer,BitEdgeviaHays plc,https://stackoverflow.com/jobs/420749/python-data-engineer-bitedge
"Senior Software Engineer (Robotics, Python)",Righthand Robotics,https://stackoverflow.com/jobs/445071/senior-software-engineer-robotics-python-righthand-robotics
Senior Software Engineer - Python,DIGARC,https://stackoverflow.com/jobs/425402/senior-software-engineer-python-digarc
Senior Full Stack Software Engineer (React Python Flask),FineTune Learning,https://stackoverflow.com/jobs/400104/senior-full-stack-software-engineer-react-python-finetune-learning
Python Developer,BairesDev LLC,https://stackoverflow.com/jobs/430795/python-developer-bairesdev-llc
Mid Python Developer,OpsTalent,https://stackoverflow.com/jobs/450822/mid-python-developer-opstalent
Python Engineer,Overloop,https://stackoverflow.com/jobs/450352/python-engineer-overloop
Python Engineer,"TileDB, Inc.",https://stackoverflow.com/jobs/419347/python-engineer-tiledb-inc
"Senior software engineer (Typescript, Nextjs, Python, Docker/k8s, Kafka, SQL)",EverQuote Inc.,https://stackoverflow.com/jobs/385234/senior-software-engineer-typescript-nextjs-everquote-inc
Back End Engineer (Python),Modus Create,https://stackoverflow.com/jobs/443577/back-end-engineer-python-modus-create
Senior Python Engineer,Hummingbot,https://stackoverflow.com/jobs/440503/senior-python-engineer-hummingbot
Python Solutions Architect,REPAY,https://stackoverflow.com/jobs/406907/python-solutions-architect-repay
"Senior Python Engineer, Features",ReCharge Payments,https://stackoverflow.com/jobs/446791/senior-python-engineer-features-recharge-payments
Python Solutions Architect,REPAY,https://stackoverflow.com/jobs/406907/python-solutions-architect-repay
Senior Backend Software Engineer (Python/Django),Chaturbate,https://stackoverflow.com/jobs/448419/senior-backend-software-engineer-python-django-chaturbate
Senior Python Back End Engineer (Remote),Loadsmart,https://stackoverflow.com/jobs/430974/senior-python-back-end-engineer-remote-loadsmart
Senior Software Engineer - Fullstack Python / React,StyleSeat,https://stackoverflow.com/jobs/451027/senior-software-engineer-fullstack-python-styleseat
Backend Software Engineer (Python),Finsera,https://stackoverflow.com/jobs/359294/backend-software-engineer-python-finsera
Senior Backend Software Engineer (Python),"Curative, Inc",https://stackoverflow.com/jobs/408170/senior-backend-software-engineer-python-curative-inc
Senior Backend Engineer - Python,APNATIME TECH PRIVATE LIMITED,https://stackoverflow.com/jobs/411044/senior-backend-engineer-python-apnatime-tech-private-limited
Python/AWS (Remote),X-Team,https://stackoverflow.com/jobs/445852/python-aws-remote-x-team
Python/ElasticSearch Developer (Remote),X-Team,https://stackoverflow.com/jobs/439738/python-elasticsearch-developer-remote-x-team
Senior Python Developer,"Findaway World, LLC",https://stackoverflow.com/jobs/433593/senior-python-developer-findaway-world-llc
Full Stack Python Developer,GitStart,https://stackoverflow.com/jobs/441051/full-stack-python-developer-gitstart
"Python Developer (Onsite in Paris, or Remote in France, UK, Germany)",PeopleDoc,https://stackoverflow.com/jobs/450845/python-developer-onsite-in-paris-or-remote-in-peopledoc
Python Developer,YouGov,https://stackoverflow.com/jobs/407736/python-developer-yougov
Python Data Engineer,BitEdgeviaHays plc,https://stackoverflow.com/jobs/420749/python-data-engineer-bitedge
"Senior Software Engineer (Robotics, Python)",Righthand Robotics,https://stackoverflow.com/jobs/445071/senior-software-engineer-robotics-python-righthand-robotics
Senior Full Stack Software Engineer (React Python Flask),FineTune Learning,https://stackoverflow.com/jobs/400104/senior-full-stack-software-engineer-react-python-finetune-learning
Senior Software Engineer - Python,DIGARC,https://stackoverflow.com/jobs/425402/senior-software-engineer-python-digarc
Python Developer,BairesDev LLC,https://stackoverflow.com/jobs/430795/python-developer-bairesdev-llc
Mid Python Developer,OpsTalent,https://stackoverflow.com/jobs/450822/mid-python-developer-opstalent
Python Engineer,Overloop,https://stackoverflow.com/jobs/450352/python-engineer-overloop
"Senior software engineer (Typescript, Nextjs, Python, Docker/k8s, Kafka, SQL)",EverQuote Inc.,https://stackoverflow.com/jobs/385234/senior-software-engineer-typescript-nextjs-everquote-inc
Python Engineer,"TileDB, Inc.",https://stackoverflow.com/jobs/419347/python-engineer-tiledb-inc
Back End Engineer (Python),Modus Create,https://stackoverflow.com/jobs/443577/back-end-engineer-python-modus-create
Senior Python Engineer,Hummingbot,https://stackoverflow.com/jobs/440503/senior-python-engineer-hummingbot
Python Engineer,Market America / Shop.com,https://stackoverflow.com/jobs/431385/python-engineer-market-america-shopcom
"Python Developer (Onsite in Paris, or Remote in France, UK, Germany)",PeopleDoc,https://stackoverflow.com/jobs/450845/python-developer-onsite-in-paris-or-remote-in-peopledoc
Senior Backend Software Engineer (Python/Django),Chaturbate,https://stackoverflow.com/jobs/448419/senior-backend-software-engineer-python-django-chaturbate
Senior Python Back End Engineer (Remote),Loadsmart,https://stackoverflow.com/jobs/430974/senior-python-back-end-engineer-remote-loadsmart
Senior Software Engineer - Fullstack Python / React,StyleSeat,https://stackoverflow.com/jobs/451027/senior-software-engineer-fullstack-python-styleseat
Backend Software Engineer (Python),Finsera,https://stackoverflow.com/jobs/359294/backend-software-engineer-python-finsera
Senior Backend Software Engineer (Python),"Curative, Inc",https://stackoverflow.com/jobs/408170/senior-backend-software-engineer-python-curative-inc
Senior Backend Engineer - Python,APNATIME TECH PRIVATE LIMITED,https://stackoverflow.com/jobs/411044/senior-backend-engineer-python-apnatime-tech-private-limited
Python/AWS (Remote),X-Team,https://stackoverflow.com/jobs/445852/python-aws-remote-x-team
Python/ElasticSearch Developer (Remote),X-Team,https://stackoverflow.com/jobs/439738/python-elasticsearch-developer-remote-x-team
Senior Python Developer,"Findaway World, LLC",https://stackoverflow.com/jobs/433593/senior-python-developer-findaway-world-llc
Full Stack Python Developer,GitStart,https://stackoverflow.com/jobs/441051/full-stack-python-developer-gitstart
Python Developer,YouGov,https://stackoverflow.com/jobs/407736/python-developer-yougov
Python Data Engineer,BitEdgeviaHays plc,https://stackoverflow.com/jobs/420749/python-data-engineer-bitedge
"Senior Software Engineer (Robotics, Python)",Righthand Robotics,https://stackoverflow.com/jobs/445071/senior-software-engineer-robotics-python-righthand-robotics
Senior Software Engineer - Python,DIGARC,https://stackoverflow.com/jobs/425402/senior-software-engineer-python-digarc
Senior Full Stack Software Engineer (React Python Flask),FineTune Learning,https://stackoverflow.com/jobs/400104/senior-full-stack-software-engineer-react-python-finetune-learning
Python Developer,BairesDev LLC,https://stackoverflow.com/jobs/430795/python-developer-bairesdev-llc
Mid Python Developer,OpsTalent,https://stackoverflow.com/jobs/450822/mid-python-developer-opstalent
Python Engineer,Overloop,https://stackoverflow.com/jobs/450352/python-engineer-overloop
"Senior software engineer (Typescript, Nextjs, Python, Docker/k8s, Kafka, SQL)",EverQuote Inc.,https://stackoverflow.com/jobs/385234/senior-software-engineer-typescript-nextjs-everquote-inc
Python Engineer,"TileDB, Inc.",https://stackoverflow.com/jobs/419347/python-engineer-tiledb-inc
Back End Engineer (Python),Modus Create,https://stackoverflow.com/jobs/443577/back-end-engineer-python-modus-create
Python Solutions Architect,REPAY,https://stackoverflow.com/jobs/406907/python-solutions-architect-repay
Senior Python Engineer,Hummingbot,https://stackoverflow.com/jobs/440503/senior-python-engineer-hummingbot
"Senior Python Engineer, Features",ReCharge Payments,https://stackoverflow.com/jobs/446791/senior-python-engineer-features-recharge-payments
Python Solutions Architect,REPAY,https://stackoverflow.com/jobs/406907/python-solutions-architect-repay
Senior Backend Software Engineer (Python/Django),Chaturbate,https://stackoverflow.com/jobs/448419/senior-backend-software-engineer-python-django-chaturbate
Senior Python Back End Engineer (Remote),Loadsmart,https://stackoverflow.com/jobs/430974/senior-python-back-end-engineer-remote-loadsmart
Senior Software Engineer - Fullstack Python / React,StyleSeat,https://stackoverflow.com/jobs/451027/senior-software-engineer-fullstack-python-styleseat
Backend Software Engineer (Python),Finsera,https://stackoverflow.com/jobs/359294/backend-software-engineer-python-finsera
Senior Backend Software Engineer (Python),"Curative, Inc",https://stackoverflow.com/jobs/408170/senior-backend-software-engineer-python-curative-inc
Senior Backend Engineer - Python,APNATIME TECH PRIVATE LIMITED,https://stackoverflow.com/jobs/411044/senior-backend-engineer-python-apnatime-tech-private-limited
Python/AWS (Remote),X-Team,https://stackoverflow.com/jobs/445852/python-aws-remote-x-team
Python/ElasticSearch Developer (Remote),X-Team,https://stackoverflow.com/jobs/439738/python-elasticsearch-developer-remote-x-team
Senior Python Developer,"Findaway World, LLC",https://stackoverflow.com/jobs/433593/senior-python-developer-findaway-world-llc
Full Stack Python Developer,GitStart,https://stackoverflow.com/jobs/441051/full-stack-python-developer-gitstart
"Python Developer (Onsite in Paris, or Remote in France, UK, Germany)",PeopleDoc,https://stackoverflow.com/jobs/450845/python-developer-onsite-in-paris-or-remote-in-peopledoc
Python Developer,YouGov,https://stackoverflow.com/jobs/407736/python-developer-yougov
Python Data Engineer,BitEdgeviaHays plc,https://stackoverflow.com/jobs/420749/python-data-engineer-bitedge
"Senior Software Engineer (Robotics, Python)",Righthand Robotics,https://stackoverflow.com/jobs/445071/senior-software-engineer-robotics-python-righthand-robotics
Senior Full Stack Software Engineer (React Python Flask),FineTune Learning,https://stackoverflow.com/jobs/400104/senior-full-stack-software-engineer-react-python-finetune-learning
Senior Software Engineer - Python,DIGARC,https://stackoverflow.com/jobs/425402/senior-software-engineer-python-digarc
Python Developer,BairesDev LLC,https://stackoverflow.com/jobs/430795/python-developer-bairesdev-llc
Mid Python Developer,OpsTalent,https://stackoverflow.com/jobs/450822/mid-python-developer-opstalent
Python Engineer,Overloop,https://stackoverflow.com/jobs/450352/python-engineer-overloop
"Senior software engineer (Typescript, Nextjs, Python, Docker/k8s, Kafka, SQL)",EverQuote Inc.,https://stackoverflow.com/jobs/385234/senior-software-engineer-typescript-nextjs-everquote-inc
Python Engineer,"TileDB, Inc.",https://stackoverflow.com/jobs/419347/python-engineer-tiledb-inc
Back End Engineer (Python),Modus Create,https://stackoverflow.com/jobs/443577/back-end-engineer-python-modus-create
Senior Python Engineer,Hummingbot,https://stackoverflow.com/jobs/440503/senior-python-engineer-hummingbot
Python Engineer,Market America / Shop.com,https://stackoverflow.com/jobs/431385/python-engineer-market-america-shopcom
Senior Backend Software Engineer (Python/Django),Chaturbate,https://stackoverflow.com/jobs/448419/senior-backend-software-engineer-python-django-chaturbate
Senior Python Back End Engineer (Remote),Loadsmart,https://stackoverflow.com/jobs/430974/senior-python-back-end-engineer-remote-loadsmart
Senior Software Engineer - Fullstack Python / React,StyleSeat,https://stackoverflow.com/jobs/451027/senior-software-engineer-fullstack-python-styleseat
Backend Software Engineer (Python),Finsera,https://stackoverflow.com/jobs/359294/backend-software-engineer-python-finsera
Senior Backend Software Engineer (Python),"Curative, Inc",https://stackoverflow.com/jobs/408170/senior-backend-software-engineer-python-curative-inc
Senior Backend Engineer - Python,APNATIME TECH PRIVATE LIMITED,https://stackoverflow.com/jobs/411044/senior-backend-engineer-python-apnatime-tech-private-limited
Python/AWS (Remote),X-Team,https://stackoverflow.com/jobs/445852/python-aws-remote-x-team
Python/ElasticSearch Developer (Remote),X-Team,https://stackoverflow.com/jobs/439738/python-elasticsearch-developer-remote-x-team
Senior Python Developer,"Findaway World, LLC",https://stackoverflow.com/jobs/433593/senior-python-developer-findaway-world-llc
Full Stack Python Developer,GitStart,https://stackoverflow.com/jobs/441051/full-stack-python-developer-gitstart
"Python Developer (Onsite in Paris, or Remote in France, UK, Germany)",PeopleDoc,https://stackoverflow.com/jobs/450845/python-developer-onsite-in-paris-or-remote-in-peopledoc
Python Developer,YouGov,https://stackoverflow.com/jobs/407736/python-developer-yougov
Python Data Engineer,BitEdgeviaHays plc,https://stackoverflow.com/jobs/420749/python-data-engineer-bitedge
"Senior Software Engineer (Robotics, Python)",Righthand Robotics,https://stackoverflow.com/jobs/445071/senior-software-engineer-robotics-python-righthand-robotics
Senior Software Engineer - Python,DIGARC,https://stackoverflow.com/jobs/425402/senior-software-engineer-python-digarc
Senior Full Stack Software Engineer (React Python Flask),FineTune Learning,https://stackoverflow.com/jobs/400104/senior-full-stack-software-engineer-react-python-finetune-learning
Python Developer,BairesDev LLC,https://stackoverflow.com/jobs/430795/python-developer-bairesdev-llc
Mid Python Developer,OpsTalent,https://stackoverflow.com/jobs/450822/mid-python-developer-opstalent
Python Engineer,Overloop,https://stackoverflow.com/jobs/450352/python-engineer-overloop
Python Engineer,"TileDB, Inc.",https://stackoverflow.com/jobs/419347/python-engineer-tiledb-inc
"Senior software engineer (Typescript, Nextjs, Python, Docker/k8s, Kafka, SQL)",EverQuote Inc.,https://stackoverflow.com/jobs/385234/senior-software-engineer-typescript-nextjs-everquote-inc
Back End Engineer (Python),Modus Create,https://stackoverflow.com/jobs/443577/back-end-engineer-python-modus-create
Senior Python Engineer,Hummingbot,https://stackoverflow.com/jobs/440503/senior-python-engineer-hummingbot
Python Solutions Architect,REPAY,https://stackoverflow.com/jobs/406907/python-solutions-architect-repay
"Senior Python Engineer, Features",ReCharge Payments,https://stackoverflow.com/jobs/446791/senior-python-engineer-features-recharge-payments
Python Engineer,"TileDB, Inc.",https://stackoverflow.com/jobs/419347/python-engineer-tiledb-inc
Senior Backend Software Engineer (Python/Django),Chaturbate,https://stackoverflow.com/jobs/448419/senior-backend-software-engineer-python-django-chaturbate
Senior Python Back End Engineer (Remote),Loadsmart,https://stackoverflow.com/jobs/430974/senior-python-back-end-engineer-remote-loadsmart
Senior Software Engineer - Fullstack Python / React,StyleSeat,https://stackoverflow.com/jobs/451027/senior-software-engineer-fullstack-python-styleseat
Backend Software Engineer (Python),Finsera,https://stackoverflow.com/jobs/359294/backend-software-engineer-python-finsera
Senior Backend Software Engineer (Python),"Curative, Inc",https://stackoverflow.com/jobs/408170/senior-backend-software-engineer-python-curative-inc
Senior Backend Engineer - Python,APNATIME TECH PRIVATE LIMITED,https://stackoverflow.com/jobs/411044/senior-backend-engineer-python-apnatime-tech-private-limited
Python/AWS (Remote),X-Team,https://stackoverflow.com/jobs/445852/python-aws-remote-x-team
Python/ElasticSearch Developer (Remote),X-Team,https://stackoverflow.com/jobs/439738/python-elasticsearch-developer-remote-x-team
Senior Python Developer,"Findaway World, LLC",https://stackoverflow.com/jobs/433593/senior-python-developer-findaway-world-llc
Full Stack Python Developer,GitStart,https://stackoverflow.com/jobs/441051/full-stack-python-developer-gitstart
"Python Developer (Onsite in Paris, or Remote in France, UK, Germany)",PeopleDoc,https://stackoverflow.com/jobs/450845/python-developer-onsite-in-paris-or-remote-in-peopledoc
Python Developer,YouGov,https://stackoverflow.com/jobs/407736/python-developer-yougov
Python Data Engineer,BitEdgeviaHays plc,https://stackoverflow.com/jobs/420749/python-data-engineer-bitedge
"Senior Software Engineer (Robotics, Python)",Righthand Robotics,https://stackoverflow.com/jobs/445071/senior-software-engineer-robotics-python-righthand-robotics
Senior Full Stack Software Engineer (React Python Flask),FineTune Learning,https://stackoverflow.com/jobs/400104/senior-full-stack-software-engineer-react-python-finetune-learning
Senior Software Engineer - Python,DIGARC,https://stackoverflow.com/jobs/425402/senior-software-engineer-python-digarc
Python Developer,BairesDev LLC,https://stackoverflow.com/jobs/430795/python-developer-bairesdev-llc
Mid Python Developer,OpsTalent,https://stackoverflow.com/jobs/450822/mid-python-developer-opstalent
Python Engineer,Overloop,https://stackoverflow.com/jobs/450352/python-engineer-overloop
"Senior software engineer (Typescript, Nextjs, Python, Docker/k8s, Kafka, SQL)",EverQuote Inc.,https://stackoverflow.com/jobs/385234/senior-software-engineer-typescript-nextjs-everquote-inc
Back End Engineer (Python),Modus Create,https://stackoverflow.com/jobs/443577/back-end-engineer-python-modus-create
Python Solutions Architect,REPAY,https://stackoverflow.com/jobs/406907/python-solutions-architect-repay
Senior Python Engineer,Hummingbot,https://stackoverflow.com/jobs/440503/senior-python-engineer-hummingbot
"Senior Python Engineer, Features",ReCharge Payments,https://stackoverflow.com/jobs/446791/senior-python-engineer-features-recharge-payments
Senior Backend Software Engineer (Python/Django),Chaturbate,https://stackoverflow.com/jobs/448419/senior-backend-software-engineer-python-django-chaturbate
Senior Python Back End Engineer (Remote),Loadsmart,https://stackoverflow.com/jobs/430974/senior-python-back-end-engineer-remote-loadsmart
Senior Software Engineer - Fullstack Python / React,StyleSeat,https://stackoverflow.com/jobs/451027/senior-software-engineer-fullstack-python-styleseat
Backend Software Engineer (Python),Finsera,https://stackoverflow.com/jobs/359294/backend-software-engineer-python-finsera
Senior Backend Software Engineer (Python),"Curative, Inc",https://stackoverflow.com/jobs/408170/senior-backend-software-engineer-python-curative-inc
Senior Backend Engineer - Python,APNATIME TECH PRIVATE LIMITED,https://stackoverflow.com/jobs/411044/senior-backend-engineer-python-apnatime-tech-private-limited
Python/AWS (Remote),X-Team,https://stackoverflow.com/jobs/445852/python-aws-remote-x-team
Python/ElasticSearch Developer (Remote),X-Team,https://stackoverflow.com/jobs/439738/python-elasticsearch-developer-remote-x-team
Senior Python Developer,"Findaway World, LLC",https://stackoverflow.com/jobs/433593/senior-python-developer-findaway-world-llc
Full Stack Python Developer,GitStart,https://stackoverflow.com/jobs/441051/full-stack-python-developer-gitstart
"Python Developer (Onsite in Paris, or Remote in France, UK, Germany)",PeopleDoc,https://stackoverflow.com/jobs/450845/python-developer-onsite-in-paris-or-remote-in-peopledoc
Python Developer,YouGov,https://stackoverflow.com/jobs/407736/python-developer-yougov
Python Data Engineer,BitEdgeviaHays plc,https://stackoverflow.com/jobs/420749/python-data-engineer-bitedge
"Senior Software Engineer (Robotics, Python)",Righthand Robotics,https://stackoverflow.com/jobs/445071/senior-software-engineer-robotics-python-righthand-robotics
Senior Software Engineer - Python,DIGARC,https://stackoverflow.com/jobs/425402/senior-software-engineer-python-digarc
Senior Full Stack Software Engineer (React Python Flask),FineTune Learning,https://stackoverflow.com/jobs/400104/senior-full-stack-software-engineer-react-python-finetune-learning
Python Developer,BairesDev LLC,https://stackoverflow.com/jobs/430795/python-developer-bairesdev-llc
Mid Python Developer,OpsTalent,https://stackoverflow.com/jobs/450822/mid-python-developer-opstalent
Python Engineer,Overloop,https://stackoverflow.com/jobs/450352/python-engineer-overloop
Python Engineer,"TileDB, Inc.",https://stackoverflow.com/jobs/419347/python-engineer-tiledb-inc
"Senior software engineer (Typescript, Nextjs, Python, Docker/k8s, Kafka, SQL)",EverQuote Inc.,https://stackoverflow.com/jobs/385234/senior-software-engineer-typescript-nextjs-everquote-inc
Back End Engineer (Python),Modus Create,https://stackoverflow.com/jobs/443577/back-end-engineer-python-modus-create
Senior Python Engineer,Hummingbot,https://stackoverflow.com/jobs/440503/senior-python-engineer-hummingbot
Python Solutions Architect,REPAY,https://stackoverflow.com/jobs/406907/python-solutions-architect-repay
"Senior Python Engineer, Features",ReCharge Payments,https://stackoverflow.com/jobs/446791/senior-python-engineer-features-recharge-payments
Python Solutions Architect,REPAY,https://stackoverflow.com/jobs/406907/python-solutions-architect-repay
Senior Backend Software Engineer (Python/Django),Chaturbate,https://stackoverflow.com/jobs/448419/senior-backend-software-engineer-python-django-chaturbate
Senior Python Back End Engineer (Remote),Loadsmart,https://stackoverflow.com/jobs/430974/senior-python-back-end-engineer-remote-loadsmart
Senior Software Engineer - Fullstack Python / React,StyleSeat,https://stackoverflow.com/jobs/451027/senior-software-engineer-fullstack-python-styleseat
Backend Software Engineer (Python),Finsera,https://stackoverflow.com/jobs/359294/backend-software-engineer-python-finsera
Senior Backend Software Engineer (Python),"Curative, Inc",https://stackoverflow.com/jobs/408170/senior-backend-software-engineer-python-curative-inc
Senior Backend Engineer - Python,APNATIME TECH PRIVATE LIMITED,https://stackoverflow.com/jobs/411044/senior-backend-engineer-python-apnatime-tech-private-limited
Python/AWS (Remote),X-Team,https://stackoverflow.com/jobs/445852/python-aws-remote-x-team
Python/ElasticSearch Developer (Remote),X-Team,https://stackoverflow.com/jobs/439738/python-elasticsearch-developer-remote-x-team
Senior Python Developer,"Findaway World, LLC",https://stackoverflow.com/jobs/433593/senior-python-developer-findaway-world-llc
Full Stack Python Developer,GitStart,https://stackoverflow.com/jobs/441051/full-stack-python-developer-gitstart
"Python Developer (Onsite in Paris, or Remote in France, UK, Germany)",PeopleDoc,https://stackoverflow.com/jobs/450845/python-developer-onsite-in-paris-or-remote-in-peopledoc
Python Developer,YouGov,https://stackoverflow.com/jobs/407736/python-developer-yougov
Python Data Engineer,BitEdgeviaHays plc,https://stackoverflow.com/jobs/420749/python-data-engineer-bitedge
"Senior Software Engineer (Robotics, Python)",Righthand Robotics,https://stackoverflow.com/jobs/445071/senior-software-engineer-robotics-python-righthand-robotics
Senior Full Stack Software Engineer (React Python Flask),FineTune Learning,https://stackoverflow.com/jobs/400104/senior-full-stack-software-engineer-react-python-finetune-learning
Senior Software Engineer - Python,DIGARC,https://stackoverflow.com/jobs/425402/senior-software-engineer-python-digarc
Python Developer,BairesDev LLC,https://stackoverflow.com/jobs/430795/python-developer-bairesdev-llc
Mid Python Developer,OpsTalent,https://stackoverflow.com/jobs/450822/mid-python-developer-opstalent
Python Engineer,Overloop,https://stackoverflow.com/jobs/450352/python-engineer-overloop
"Senior software engineer (Typescript, Nextjs, Python, Docker/k8s, Kafka, SQL)",EverQuote Inc.,https://stackoverflow.com/jobs/385234/senior-software-engineer-typescript-nextjs-everquote-inc
Python Engineer,"TileDB, Inc.",https://stackoverflow.com/jobs/419347/python-engineer-tiledb-inc
Back End Engineer (Python),Modus Create,https://stackoverflow.com/jobs/443577/back-end-engineer-python-modus-create
Senior Python Engineer,Hummingbot,https://stackoverflow.com/jobs/440503/senior-python-engineer-hummingbot
Python Engineer,Market America / Shop.com,https://stackoverflow.com/jobs/431385/python-engineer-market-america-shopcom
Python Solutions Architect,REPAY,https://stackoverflow.com/jobs/406907/python-solutions-architect-repay
Senior Backend Software Engineer (Python/Django),Chaturbate,https://stackoverflow.com/jobs/448419/senior-backend-software-engineer-python-django-chaturbate
Senior Python Back End Engineer (Remote),Loadsmart,https://stackoverflow.com/jobs/430974/senior-python-back-end-engineer-remote-loadsmart
Senior Software Engineer - Fullstack Python / React,StyleSeat,https://stackoverflow.com/jobs/451027/senior-software-engineer-fullstack-python-styleseat
Backend Software Engineer (Python),Finsera,https://stackoverflow.com/jobs/359294/backend-software-engineer-python-finsera
Senior Backend Software Engineer (Python),"Curative, Inc",https://stackoverflow.com/jobs/408170/senior-backend-software-engineer-python-curative-inc
Senior Backend Engineer - Python,APNATIME TECH PRIVATE LIMITED,https://stackoverflow.com/jobs/411044/senior-backend-engineer-python-apnatime-tech-private-limited
Python/AWS (Remote),X-Team,https://stackoverflow.com/jobs/445852/python-aws-remote-x-team
Python/ElasticSearch Developer (Remote),X-Team,https://stackoverflow.com/jobs/439738/python-elasticsearch-developer-remote-x-team
Senior Python Developer,"Findaway World, LLC",https://stackoverflow.com/jobs/433593/senior-python-developer-findaway-world-llc
Full Stack Python Developer,GitStart,https://stackoverflow.com/jobs/441051/full-stack-python-developer-gitstart
"Python Developer (Onsite in Paris, or Remote in France, UK, Germany)",PeopleDoc,https://stackoverflow.com/jobs/450845/python-developer-onsite-in-paris-or-remote-in-peopledoc
Python Developer,YouGov,https://stackoverflow.com/jobs/407736/python-developer-yougov
Python Data Engineer,BitEdgeviaHays plc,https://stackoverflow.com/jobs/420749/python-data-engineer-bitedge
"Senior Software Engineer (Robotics, Python)",Righthand Robotics,https://stackoverflow.com/jobs/445071/senior-software-engineer-robotics-python-righthand-robotics
Senior Full Stack Software Engineer (React Python Flask),FineTune Learning,https://stackoverflow.com/jobs/400104/senior-full-stack-software-engineer-react-python-finetune-learning
Senior Software Engineer - Python,DIGARC,https://stackoverflow.com/jobs/425402/senior-software-engineer-python-digarc
Python Developer,BairesDev LLC,https://stackoverflow.com/jobs/430795/python-developer-bairesdev-llc
Mid Python Developer,OpsTalent,https://stackoverflow.com/jobs/450822/mid-python-developer-opstalent
Python Engineer,Overloop,https://stackoverflow.com/jobs/450352/python-engineer-overloop
"Senior software engineer (Typescript, Nextjs, Python, Docker/k8s, Kafka, SQL)",EverQuote Inc.,https://stackoverflow.com/jobs/385234/senior-software-engineer-typescript-nextjs-everquote-inc
Python Engineer,"TileDB, Inc.",https://stackoverflow.com/jobs/419347/python-engineer-tiledb-inc
Back End Engineer (Python),Modus Create,https://stackoverflow.com/jobs/443577/back-end-engineer-python-modus-create
Senior Python Engineer,Hummingbot,https://stackoverflow.com/jobs/440503/senior-python-engineer-hummingbot
Python Engineer,Market America / Shop.com,https://stackoverflow.com/jobs/431385/python-engineer-market-america-shopcom
Python Engineer,"TileDB, Inc.",https://stackoverflow.com/jobs/419347/python-engineer-tiledb-inc
Senior Backend Software Engineer (Python/Django),Chaturbate,https://stackoverflow.com/jobs/448419/senior-backend-software-engineer-python-django-chaturbate
Senior Python Back End Engineer (Remote),Loadsmart,https://stackoverflow.com/jobs/430974/senior-python-back-end-engineer-remote-loadsmart
Senior Software Engineer - Fullstack Python / React,StyleSeat,https://stackoverflow.com/jobs/451027/senior-software-engineer-fullstack-python-styleseat
Backend Software Engineer (Python),Finsera,https://stackoverflow.com/jobs/359294/backend-software-engineer-python-finsera
Senior Backend Software Engineer (Python),"Curative, Inc",https://stackoverflow.com/jobs/408170/senior-backend-software-engineer-python-curative-inc
Senior Backend Engineer - Python,APNATIME TECH PRIVATE LIMITED,https://stackoverflow.com/jobs/411044/senior-backend-engineer-python-apnatime-tech-private-limited
Python/AWS (Remote),X-Team,https://stackoverflow.com/jobs/445852/python-aws-remote-x-team
Python/ElasticSearch Developer (Remote),X-Team,https://stackoverflow.com/jobs/439738/python-elasticsearch-developer-remote-x-team
Senior Python Developer,"Findaway World, LLC",https://stackoverflow.com/jobs/433593/senior-python-developer-findaway-world-llc
Full Stack Python Developer,GitStart,https://stackoverflow.com/jobs/441051/full-stack-python-developer-gitstart
"Python Developer (Onsite in Paris, or Remote in France, UK, Germany)",PeopleDoc,https://stackoverflow.com/jobs/450845/python-developer-onsite-in-paris-or-remote-in-peopledoc
Python Developer,YouGov,https://stackoverflow.com/jobs/407736/python-developer-yougov
Python Data Engineer,BitEdgeviaHays plc,https://stackoverflow.com/jobs/420749/python-data-engineer-bitedge
"Senior Software Engineer (Robotics, Python)",Righthand Robotics,https://stackoverflow.com/jobs/445071/senior-software-engineer-robotics-python-righthand-robotics
Senior Full Stack Software Engineer (React Python Flask),FineTune Learning,https://stackoverflow.com/jobs/400104/senior-full-stack-software-engineer-react-python-finetune-learning
Senior Software Engineer - Python,DIGARC,https://stackoverflow.com/jobs/425402/senior-software-engineer-python-digarc
Python Developer,BairesDev LLC,https://stackoverflow.com/jobs/430795/python-developer-bairesdev-llc
Mid Python Developer,OpsTalent,https://stackoverflow.com/jobs/450822/mid-python-developer-opstalent
Python Engineer,Overloop,https://stackoverflow.com/jobs/450352/python-engineer-overloop
"Senior software engineer (Typescript, Nextjs, Python, Docker/k8s, Kafka, SQL)",EverQuote Inc.,https://stackoverflow.com/jobs/385234/senior-software-engineer-typescript-nextjs-everquote-inc
Back End Engineer (Python),Modus Create,https://stackoverflow.com/jobs/443577/back-end-engineer-python-modus-create
Python Solutions Architect,REPAY,https://stackoverflow.com/jobs/406907/python-solutions-architect-repay
Senior Python Engineer,Hummingbot,https://stackoverflow.com/jobs/440503/senior-python-engineer-hummingbot
"Senior Python Engineer, Features",ReCharge Payments,https://stackoverflow.com/jobs/446791/senior-python-engineer-features-recharge-payments
Senior Backend Software Engineer (Python/Django),Chaturbate,https://stackoverflow.com/jobs/448419/senior-backend-software-engineer-python-django-chaturbate
Senior Python Back End Engineer (Remote),Loadsmart,https://stackoverflow.com/jobs/430974/senior-python-back-end-engineer-remote-loadsmart
Senior Software Engineer - Fullstack Python / React,StyleSeat,https://stackoverflow.com/jobs/451027/senior-software-engineer-fullstack-python-styleseat
Backend Software Engineer (Python),Finsera,https://stackoverflow.com/jobs/359294/backend-software-engineer-python-finsera
Senior Backend Software Engineer (Python),"Curative, Inc",https://stackoverflow.com/jobs/408170/senior-backend-software-engineer-python-curative-inc
Senior Backend Engineer - Python,APNATIME TECH PRIVATE LIMITED,https://stackoverflow.com/jobs/411044/senior-backend-engineer-python-apnatime-tech-private-limited
Python/AWS (Remote),X-Team,https://stackoverflow.com/jobs/445852/python-aws-remote-x-team
Python/ElasticSearch Developer (Remote),X-Team,https://stackoverflow.com/jobs/439738/python-elasticsearch-developer-remote-x-team
Senior Python Developer,"Findaway World, LLC",https://stackoverflow.com/jobs/433593/senior-python-developer-findaway-world-llc
Full Stack Python Developer,GitStart,https://stackoverflow.com/jobs/441051/full-stack-python-developer-gitstart
"Python Developer (Onsite in Paris, or Remote in France, UK, Germany)",PeopleDoc,https://stackoverflow.com/jobs/450845/python-developer-onsite-in-paris-or-remote-in-peopledoc
Python Developer,YouGov,https://stackoverflow.com/jobs/407736/python-developer-yougov
Python Data Engineer,BitEdgeviaHays plc,https://stackoverflow.com/jobs/420749/python-data-engineer-bitedge
"Senior Software Engineer (Robotics, Python)",Righthand Robotics,https://stackoverflow.com/jobs/445071/senior-software-engineer-robotics-python-righthand-robotics
Senior Software Engineer - Python,DIGARC,https://stackoverflow.com/jobs/425402/senior-software-engineer-python-digarc
Senior Full Stack Software Engineer (React Python Flask),FineTune Learning,https://stackoverflow.com/jobs/400104/senior-full-stack-software-engineer-react-python-finetune-learning
Python Developer,BairesDev LLC,https://stackoverflow.com/jobs/430795/python-developer-bairesdev-llc
Mid Python Developer,OpsTalent,https://stackoverflow.com/jobs/450822/mid-python-developer-opstalent
Python Engineer,Overloop,https://stackoverflow.com/jobs/450352/python-engineer-overloop
Python Engineer,"TileDB, Inc.",https://stackoverflow.com/jobs/419347/python-engineer-tiledb-inc
"Senior software engineer (Typescript, Nextjs, Python, Docker/k8s, Kafka, SQL)",EverQuote Inc.,https://stackoverflow.com/jobs/385234/senior-software-engineer-typescript-nextjs-everquote-inc
Back End Engineer (Python),Modus Create,https://stackoverflow.com/jobs/443577/back-end-engineer-python-modus-create
Senior Python Engineer,Hummingbot,https://stackoverflow.com/jobs/440503/senior-python-engineer-hummingbot
Python Solutions Architect,REPAY,https://stackoverflow.com/jobs/406907/python-solutions-architect-repay
"Senior Python Engineer, Features",ReCharge Payments,https://stackoverflow.com/jobs/446791/senior-python-engineer-features-recharge-payments
"Python Developer (Onsite in Paris, or Remote in France, UK, Germany)",PeopleDoc,https://stackoverflow.com/jobs/450845/python-developer-onsite-in-paris-or-remote-in-peopledoc
Senior Backend Software Engineer (Python/Django),Chaturbate,https://stackoverflow.com/jobs/448419/senior-backend-software-engineer-python-django-chaturbate
Senior Python Back End Engineer (Remote),Loadsmart,https://stackoverflow.com/jobs/430974/senior-python-back-end-engineer-remote-loadsmart
Senior Software Engineer - Fullstack Python / React,StyleSeat,https://stackoverflow.com/jobs/451027/senior-software-engineer-fullstack-python-styleseat
Backend Software Engineer (Python),Finsera,https://stackoverflow.com/jobs/359294/backend-software-engineer-python-finsera
Senior Backend Software Engineer (Python),"Curative, Inc",https://stackoverflow.com/jobs/408170/senior-backend-software-engineer-python-curative-inc
Senior Backend Engineer - Python,APNATIME TECH PRIVATE LIMITED,https://stackoverflow.com/jobs/411044/senior-backend-engineer-python-apnatime-tech-private-limited
Python/AWS (Remote),X-Team,https://stackoverflow.com/jobs/445852/python-aws-remote-x-team
Python/ElasticSearch Developer (Remote),X-Team,https://stackoverflow.com/jobs/439738/python-elasticsearch-developer-remote-x-team
Senior Python Developer,"Findaway World, LLC",https://stackoverflow.com/jobs/433593/senior-python-developer-findaway-world-llc
Full Stack Python Developer,GitStart,https://stackoverflow.com/jobs/441051/full-stack-python-developer-gitstart
Python Developer,YouGov,https://stackoverflow.com/jobs/407736/python-developer-yougov
Python Data Engineer,BitEdgeviaHays plc,https://stackoverflow.com/jobs/420749/python-data-engineer-bitedge
"Senior Software Engineer (Robotics, Python)",Righthand Robotics,https://stackoverflow.com/jobs/445071/senior-software-engineer-robotics-python-righthand-robotics
Senior Software Engineer - Python,DIGARC,https://stackoverflow.com/jobs/425402/senior-software-engineer-python-digarc
Senior Full Stack Software Engineer (React Python Flask),FineTune Learning,https://stackoverflow.com/jobs/400104/senior-full-stack-software-engineer-react-python-finetune-learning
Python Developer,BairesDev LLC,https://stackoverflow.com/jobs/430795/python-developer-bairesdev-llc
Mid Python Developer,OpsTalent,https://stackoverflow.com/jobs/450822/mid-python-developer-opstalent
Python Engineer,Overloop,https://stackoverflow.com/jobs/450352/python-engineer-overloop
"Senior software engineer (Typescript, Nextjs, Python, Docker/k8s, Kafka, SQL)",EverQuote Inc.,https://stackoverflow.com/jobs/385234/senior-software-engineer-typescript-nextjs-everquote-inc
Python Engineer,"TileDB, Inc.",https://stackoverflow.com/jobs/419347/python-engineer-tiledb-inc
Back End Engineer (Python),Modus Create,https://stackoverflow.com/jobs/443577/back-end-engineer-python-modus-create
Python Solutions Architect,REPAY,https://stackoverflow.com/jobs/406907/python-solutions-architect-repay
Senior Python Engineer,Hummingbot,https://stackoverflow.com/jobs/440503/senior-python-engineer-hummingbot
"Senior Python Engineer, Features",ReCharge Payments,https://stackoverflow.com/jobs/446791/senior-python-engineer-features-recharge-payments
React Engineer,Elevar,https://weworkremotely.com//remote-jobs/elevar-react-engineer
"Senior Software Engineer - Open Source, Dev Tools",Iterative,https://weworkremotely.com//remote-jobs/iterative-senior-software-engineer-open-source-dev-tools
"Senior Backend Developer â€“ Remote, Full-time",Toptal,https://weworkremotely.com//remote-jobs/toptal-senior-backend-developer-remote-full-time
"Lead Software Engineer, E-Commerce",Territory Foods,https://weworkremotely.com//remote-jobs/territory-foods-lead-software-engineer-e-commerce
Senior Full Stack Engineer,Qualio,https://weworkremotely.com//remote-jobs/qualio-senior-full-stack-engineer
Head of Engineering,InsurGrid,https://weworkremotely.com//remote-jobs/insurgrid-head-of-engineering
Senior Python Engineer,RebelMouse,https://weworkremotely.com//remote-jobs/rebelmouse-senior-python-engineer
Tech Lead,Ukufu Pty Ltd,https://weworkremotely.com//remote-jobs/ukufu-pty-ltd-tech-lead
Senior Unity Engineer - Remote - EU Time Zone,CVEDIA,https://weworkremotely.com//remote-jobs/cvedia-senior-unity-engineer-remote-eu-time-zone
Full Stack Developer,Button Inc.,https://weworkremotely.com//remote-jobs/button-inc-full-stack-developer
"Open Source Developer & DevOps (Python, Django, AWS, OpenStack)",OpenCraft,https://weworkremotely.com//remote-jobs/opencraft-open-source-developer-devops-python-django-aws-openstack-10
Production Engineer (Site Reliability Engineer),Arc,https://weworkremotely.com//remote-jobs/arc-production-engineer-site-reliability-engineer
Trading Systems Data Engineer,Kenetic Capital,https://weworkremotely.com//remote-jobs/kenetic-capital-trading-systems-data-engineer
Tech Lead - Web Scraping,DemandMatrix,https://weworkremotely.com//remote-jobs/demandmatrix-tech-lead-web-scraping
Senior Full Stack Engineer,Yup,https://weworkremotely.com//remote-jobs/yup-senior-full-stack-engineer
Full Stack Software Developer,Growth Tools,https://weworkremotely.com//remote-jobs/growth-tools-full-stack-software-developer
Senior Back-end Engineer,x.ai,https://weworkremotely.com//remote-jobs/x-ai-senior-back-end-engineer
Backend Engineer (f/m/div),Perdoo GmbH,https://weworkremotely.com//remote-jobs/perdoo-gmbh-backend-engineer-f-m-div
Back End Developer E-Mobility (remote - EU),Optimile,https://weworkremotely.com//remote-jobs/optimile-back-end-developer-e-mobility-remote-eu
Security Software Engineer,Currencycloud,https://weworkremotely.com//remote-jobs/currencycloud-security-software-engineer
Senior Back-end (Ruby on) Rails Developer,Goboony,https://weworkremotely.com//remote-jobs/goboony-senior-back-end-ruby-on-rails-developer
Python Lead Engineer,Nearsure,https://weworkremotely.com//remote-jobs/nearsure-python-lead-engineer-1
Senior Integrations Developer,Inbound FinTech,https://weworkremotely.com//remote-jobs/inbound-fintech-senior-integrations-developer
Full Stack Developer (Python & Vue.js),Unhaggle Inc.,https://weworkremotely.com//remote-jobs/unhaggle-inc-full-stack-developer-python-vue-js-2
"Principal Software Engineer, Features",ReCharge Payments,https://weworkremotely.com//remote-jobs/recharge-payments-principal-software-engineer-features
"Senior Software Engineer, Features",ReCharge Payments,https://weworkremotely.com//remote-jobs/recharge-payments-senior-software-engineer-features-1
Senior Backend Engineer,Beyond Pricing,https://weworkremotely.com//remote-jobs/beyond-pricing-senior-backend-engineer
Senior Full Stack Engineer (Remote US),Axios,https://weworkremotely.com//remote-jobs/axios-senior-full-stack-engineer-remote-us
"Software Development Manager, Platform API",ReCharge Payments,https://weworkremotely.com//remote-jobs/recharge-payments-software-development-manager-platform-api-1
"Software Development Manager, Integrations",ReCharge Payments,https://weworkremotely.com//remote-jobs/recharge-payments-software-development-manager-integrations
"Senior Software Engineer, Platform Services",ReCharge Payments,https://weworkremotely.com//remote-jobs/recharge-payments-senior-software-engineer-platform-services-2
"Software Engineer in Test, Platform Services",ReCharge Payments,https://weworkremotely.com//remote-jobs/recharge-payments-software-engineer-in-test-platform-services-2
"Staff Software Engineer - Data Platform, Native Protection",Rubrik,https://weworkremotely.com//remote-jobs/rubrik-staff-software-engineer-data-platform-native-protection
Software Engineer - Data Platform,Rubrik,https://weworkremotely.com//remote-jobs/rubrik-software-engineer-data-platform
Software Engineer - Archival & Replication,Rubrik,https://weworkremotely.com//remote-jobs/rubrik-software-engineer-archival-replication
Software Engineer - SaaS Platform,Rubrik,https://weworkremotely.com//remote-jobs/rubrik-software-engineer-saas-platform
"Software Engineer, Full Stack",Springbuk,https://weworkremotely.com//remote-jobs/springbuk-software-engineer-full-stack
"Software Engineer, SRE",Doximity,https://weworkremotely.com//remote-jobs/doximity-software-engineer-sre
Angular Developer (Asia timezone),Vanna,https://weworkremotely.com//remote-jobs/vanna-angular-developer-asia-timezone
"Senior Data Engineer, Manager",Doximity,https://weworkremotely.com//remote-jobs/doximity-senior-data-engineer-manager
Integrations Engineer (Matrix/WordPress),Automattic,https://weworkremotely.com//remote-jobs/automattic-integrations-engineer-matrix-wordpress
"Software Engineer, Full Stack",Doximity,https://weworkremotely.com//remote-jobs/doximity-software-engineer-full-stack
Senior Salesforce Developer - Remote,Ebury,https://weworkremotely.com//remote-jobs/ebury-senior-salesforce-developer-remote
Senior Full Stack Developer - Python,DataKitchen,https://weworkremotely.com//remote-jobs/datakitchen-senior-full-stack-developer-python
Senior Quality Assurance Engineer / SDET - Remote,"Theorem, LLC",https://weworkremotely.com//remote-jobs/theorem-llc-senior-quality-assurance-engineer-sdet-remote
Senior Software Engineer,Gun.io,https://weworkremotely.com//remote-jobs/gun-io-senior-software-engineer
Python/AWS Developer,X-Team,https://weworkremotely.com//remote-jobs/x-team-python-aws-developer
Python/ElasticSearch Developer,X-Team,https://weworkremotely.com//remote-jobs/x-team-python-elasticsearch-developer
Support Engineer,HeySummit,https://weworkremotely.com//remote-jobs/heysummit-support-engineer
Data Analytics Engineer,Reify Health,https://weworkremotely.com//remote-jobs/reify-health-data-analytics-engineer-2
(Senior) Python Full Stack Software Developer,Optimile,https://weworkremotely.com//remote-jobs/optimile-senior-python-full-stack-software-developer
Senior Backend Engineer,CloudZero,https://weworkremotely.com//remote-jobs/cloudzero-senior-backend-engineer
Senior Python/Django Engineer,Myagi,https://weworkremotely.com//remote-jobs/myagi-senior-python-django-engineer
Senior Full Stack Engineer,Thinkific,https://weworkremotely.com//remote-jobs/thinkific-senior-full-stack-engineer
Mobile Application Developer (Python),Kickback Rewards System,https://weworkremotely.com//remote-jobs/kickback-rewards-system-mobile-application-developer-python
Senior Product Engineer (Remote - Anywhere),Dataquest,https://weworkremotely.com//remote-jobs/dataquest-senior-product-engineer-remote-anywhere
Ruby on Rails Developer,Power Home Remodeling,https://weworkremotely.com//remote-jobs/power-home-remodeling-ruby-on-rails-developer
Senior Backend Engineer,Primer.ai,https://weworkremotely.com//remote-jobs/primer-ai-senior-backend-engineer
Senior JavaScript Engineer,Automattic,https://weworkremotely.com//remote-jobs/automattic-senior-javascript-engineer
Senior Data Analyst,Reify Health,https://weworkremotely.com//remote-jobs/reify-health-senior-data-analyst
Software Engineering Mentor,Springboard,https://weworkremotely.com//remote-jobs/springboard-software-engineering-mentor-1
Senior Data Engineer,Automattic,https://weworkremotely.com//remote-jobs/automattic-senior-data-engineer
Machine Learning Software Engineer,Automattic,https://weworkremotely.com//remote-jobs/automattic-machine-learning-software-engineer
"Senior Software Engineer, Back End, Platform Team",Abstract,https://weworkremotely.com//remote-jobs/abstract-senior-software-engineer-back-end-platform-team
Senior Python Developer - Remote,Ebury,https://weworkremotely.com//remote-jobs/ebury-senior-python-developer-remote
Python Developer,Webinterpret,https://weworkremotely.com//remote-jobs/webinterpret-python-developer
Software Development Team Lead,Ebury,https://weworkremotely.com//remote-jobs/ebury-software-development-team-lead
"Security Engineer, Security Telemetry",GitHub,https://weworkremotely.com//remote-jobs/github-security-engineer-security-telemetry
iOS Developer,Doximity,https://weworkremotely.com//remote-jobs/doximity-ios-developer
Sr. Software Engineer,Zylo,https://weworkremotely.com//remote-jobs/zylo-sr-software-engineer
Senior Android Engineer,Elevate Labs,https://weworkremotely.com//remote-jobs/elevate-labs-senior-android-engineer-1
Senior Data Engineer,Doximity,https://weworkremotely.com//remote-jobs/doximity-senior-data-engineer-1
Go Developer,X-Team,https://weworkremotely.com//remote-jobs/x-team-go-developer-1
Integrations Engineer,X-Team,https://weworkremotely.com//remote-jobs/x-team-integrations-engineer
Data Engineer,Reify Health,https://weworkremotely.com//remote-jobs/reify-health-data-engineer-1
Customer Support Engineer,Platform.sh,https://weworkremotely.com//remote-jobs/platform-sh-customer-support-engineer-1
Site Reliability Engineer,Nearsure,https://weworkremotely.com//remote-jobs/nearsure-site-reliability-engineer
DevOps Engineer,Labelbox,https://weworkremotely.com//remote-jobs/labelbox-devops-engineer
Senior DevOps Engineer,Reviewshake,https://weworkremotely.com//remote-jobs/reviewshake-senior-devops-engineer
Site Reliability Engineer,Sticker Mule,https://weworkremotely.com//remote-jobs/sticker-mule-site-reliability-engineer
Senior DevOps Engineer,DroneDeploy,https://weworkremotely.com//remote-jobs/dronedeploy-senior-devops-engineer
Cloud Operations Engineer (OpenStack+Kubernetes),Canonical,https://weworkremotely.com//remote-jobs/canonical-cloud-operations-engineer-openstack-kubernetes
Senior Security Engineer,Simple,https://weworkremotely.com//remote-jobs/simple-senior-security-engineer
Senior QA / Automation Engineer,DataKitchen,https://weworkremotely.com//remote-jobs/datakitchen-senior-qa-automation-engineer
Senior Platform Infrastructure Engineer,Olo,https://weworkremotely.com//remote-jobs/olo-senior-platform-infrastructure-engineer
DevOps Engineer,Olo,https://weworkremotely.com//remote-jobs/olo-devops-engineer
Sr. Technical Lead Engineer,RAIN,https://weworkremotely.com//remote-jobs/rain-sr-technical-lead-engineer
DevOps,BMAT Music Innovators,https://weworkremotely.com//remote-jobs/bmat-music-innovators-devops
Site Reliability Engineer (SRE) - Americas,Canonical,https://weworkremotely.com//remote-jobs/canonical-site-reliability-engineer-sre-americas
Senior Security DevOps Engineer,T.Rowe Price,https://weworkremotely.com//remote-jobs/t-rowe-price-senior-security-devops-engineer
SRE Engineering Manager (Europe/Middle East/Africa),Canonical,https://weworkremotely.com//remote-jobs/canonical-sre-engineering-manager-europe-middle-east-africa
Site Reliability Engineer (SRE) - Remote,Ebury,https://weworkremotely.com//remote-jobs/ebury-site-reliability-engineer-sre-remote
Security Engineer [Remote],Platform.sh,https://weworkremotely.com//remote-jobs/platform-sh-security-engineer-remote
Site Reliability Engineer,Sketch,https://weworkremotely.com//remote-jobs/sketch-site-reliability-engineer-1
Mobile Web Solutions Architect,Power Home Remodeling,https://weworkremotely.com//remote-jobs/power-home-remodeling-mobile-web-solutions-architect
System Administrator,eThink Education,https://weworkremotely.com//remote-jobs/ethink-education-system-administrator
Senior Software Engineer - Cortex,Fandom,https://weworkremotely.com//remote-jobs/fandom-senior-software-engineer-cortex
Sales Engineer,ReCharge Payments,https://weworkremotely.com//remote-jobs/recharge-payments-sales-engineer-1
Business Intelligence Analyst,Moment,https://weworkremotely.com//remote-jobs/moment-business-intelligence-analyst
Tax Geography Solutions Engineer,TaxJar,https://weworkremotely.com//remote-jobs/taxjar-tax-geography-solutions-engineer
Product Analyst,Clipboard Health,https://weworkremotely.com//remote-jobs/clipboard-health-product-analyst
Product Owner,DataKitchen,https://weworkremotely.com//remote-jobs/datakitchen-product-owner
Senior Data Scientist,Primer.ai,https://weworkremotely.com//remote-jobs/primer-ai-senior-data-scientist
Product Engineer,Platform.sh,https://weworkremotely.com//remote-jobs/platform-sh-product-engineer
Product Engineer,Zoomforth,https://weworkremotely.com//remote-jobs/zoomforth-product-engineer
Senior Data Analyst,Smile.io,https://weworkremotely.com//remote-jobs/smile-io-senior-data-analyst
Salesforce Developer,The Predictive Index,https://weworkremotely.com//remote-jobs/the-predictive-index-salesforce-developer
Data Analytics Mentor (Part-time/Flexible/Remote),Springboard,https://weworkremotely.com//remote-jobs/springboard-data-analytics-mentor-part-time-flexible-remote
Data Storyteller (Remote - EMEA based),SlashData Ltd,https://weworkremotely.com//remote-jobs/slashdata-ltd-data-storyteller-remote-emea-based
Senior Analytics Engineer,Automattic,https://weworkremotely.com//remote-jobs/automattic-senior-analytics-engineer
Data Engineering Mentor (Flexible/Part-Time/Remote),Springboard,https://weworkremotely.com//remote-jobs/springboard-data-engineering-mentor-flexible-part-time-remote
Backend Developer Data Scientist,komoot,https://remoteok.io/remote-jobs/99798-remote-backend-developer-data-scientist-komoot
Senior Front End Developer,PolySwarm,https://remoteok.io/remote-jobs/99794-remote-senior-front-end-developer-polyswarm
Senior Software Engineer React React,Very LLC,https://remoteok.io/remote-jobs/99730-remote-senior-software-engineer-react-react-very-llc
Full Stack Engineer,GooseChase,https://remoteok.io/remote-jobs/99701-remote-full-stack-engineer-goosechase
Back End Developer,InReach Ventures,https://remoteok.io/remote-jobs/99530-remote-back-end-developer-inreach-ventures
Senior Software Engineer,Netdata Inc,https://remoteok.io/remote-jobs/99258-remote-senior-software-engineer-netdata-inc
Sr Software Engineer ML Open Source,Iterative,https://remoteok.io/remote-jobs/99244-remote-sr-software-engineer-ml-open-source-iterative
Senior Back End Engineer,Beyond Pricing,https://remoteok.io/remote-jobs/99409-remote-senior-back-end-engineer-beyond-pricing
Senior Software Engineer,Muck Rack,https://remoteok.io/remote-jobs/99378-remote-senior-software-engineer-muck-rack
Full Stack Developer,Coconut,https://remoteok.io/remote-jobs/99168-remote-full-stack-developer-coconut
Python Developer,CMAS Systems,https://remoteok.io/remote-jobs/99676-remote-python-developer-cmas-systems
Senior Python Developer,Findaway World,https://remoteok.io/remote-jobs/99575-remote-senior-python-developer-findaway-world
